00cjhz62tk5qznzt,ea82f997-9f57-3edc-a9a5-0f3fcddcd192
00scorpion00,fe8554b4-c007-356a-aba5-8cfb2bfa282a
00yhjru7hpe38p5w,eb1817fa-d602-34bc-906a-24bcd75b2310
010l1101l01l0l01,50a0d69c-5129-3d9c-938a-ee639a065155
010lh2qrsgjrfb00,ec6f9216-8199-3b36-bb3f-28fc4f19bc72
01684014789,750ab7f1-2c1a-312f-a2b2-f1e13c45ee9f
0333498728,c6a159d4-b0fa-34a7-b394-9d92c34f56f7
04lmwozinjqovxnj,9e80f47e-1fb4-39f2-8bc8-b00abefd54f9
07ygw1ca9ped4bw4,31ab8b83-9e9b-3ae2-93be-25afd7ff56e8
0931178675,7730eafa-06fa-3bcc-9d36-0860e219104d
0978628442,8a1b6582-250f-3bb6-8e4b-b36bc08dd461
0983411912,cc0df56d-8198-3c65-acf9-4e999c399f43
0_ith1xcneqgu5fb,d8ce235b-db89-374a-a3ef-9965162ad362
0c6g2omz6j1fzch3,65f4c5ef-1270-39d5-9eea-2736d802b918
0desired,19b7b92a-6b16-35dd-98fe-c8a856ba04f0
0dgngxun2nv1ncls,82fbae94-e102-3d24-b307-7cea6d10eb60
0fes6p7a2q4g3oiy,a05f2173-283f-3893-8d89-b2ba41ab30d5
0fnkga_h1vzud5ks,5f4a953d-b06e-3689-87c8-ed6537213e4d
0fstqyxvpvqbzyuc,d508a8ce-7c6e-3067-86b6-d29100d34cf3
0hsamm,31b94aee-7728-3300-acb4-48d80bc9c459
0jaw_cgtydqrhgpf,ce383099-926e-320c-a669-ca286c5ce069
0lgdju4o68gpn4v4,6c66f402-be31-39fe-9ace-4aa71327d033
0mcsrztdc7y6ji5l,38d45396-6b65-3716-bb1b-e7e9a1d0da81
0nzw4x3ft1kpudbs,8f4e1278-d080-36c9-9563-93f92eddcff7
0oadab8rqnbftvje,d768ee8d-15bc-3a26-9d33-03f7ecbd5a66
0riux,c949058f-39be-3c2b-afff-9a5b5b6ffb6e
0rosmrxmmx2jly9f,ddc41863-ca2b-3133-a281-3fd02e983b17
0vptcrdsrawhuehx,7e921af2-8bb7-39b6-9a1c-144765d2d55b
0wqsxn5csgzb6o0r,4f14447a-93b6-3656-825c-5bc523fd9c4c
0x0_xrynikavn,078061b5-d849-3249-a6d4-9f62740eee19
0xegi7ie3v8gtgwe,8aa455cf-dd4a-3db8-afa6-26d68101b408
0xhs6aktbxsbpyzn,61e36964-ed90-3e80-b82f-dcad0bea102a
0y1mxmedoxszlgtn,ea30b05d-97fa-3e80-8698-e449cedb908c
0y3k3zofzjepimvl,b3d481ce-b8b2-3746-ae6c-8d9c4f44f28e
0y8lou42jwhiktz2,49110763-be8c-3067-a6c6-70410c822328
0yyvmaiay1jqourf,38fec9a5-9992-3278-919e-5bc897fd9f37
0yzbo75c2qhctngk,0f1d9526-2b7f-341d-baeb-7acf59c8cc22
0z1q9lyua8bjvczc,500a2e44-1d32-3f80-b3e9-0eacebadba1a
100,7661b45b-37c9-3a4e-9b53-0f9798124d9c
1000cupcakes,090665b6-1708-3b92-aa3c-40ca9a5065cb
10pointphysic,749add22-b483-33d0-96a1-ec1085e00c00
1177bisp67z0vtyc,88edd16a-ec03-35ba-be7b-f6aebf1b1b4d
1179yummypork,6630c2b0-95a8-3c62-91b7-303b7ab22eb3
120506,5b1ed52e-250a-3808-b02a-bc1d8c4c56bf
12321edwsaqf,75a597e9-48b6-3f5d-8a97-d1c993e6db8b
1234,21f46faa-a97e-3482-ba4c-824963b1b2fc
147359,8e2c7e51-5141-3146-9a00-705eb0f1e95d
147khqwtb16_p1wg,a2e5904f-bddb-3d02-b947-990ea2e0b390
14lg__9ntjphtcm7,d8d0a448-6d3c-3425-932d-cec9c6ffc142
161ir7k37mal5i_z,bf7137b9-35bf-377f-b97c-ac2ed4f72978
17april,7a50e147-eb7e-312d-97f1-4dfb6ba6fec6
17yotalent,c37926b3-2694-37b0-8a52-37b97dc85213
1akd7iaojcycphfd,2769aab6-aff4-39b8-9e13-12f2d3ebebdb
1cbwliulhj9orhtu,3db58df2-b902-361a-a687-11098d6ecb1c
1dijwobgfm064mte,6370f2a2-7ffc-323a-9e8f-a6c36996d967
1gmtn5yy6lbh6yxk,4c050ef3-4e9a-3355-907a-79aaaf089d1d
1hxhgoodanime,c2bc5231-c5e9-326c-87c9-a017bd9d5e45
1iqdj249ptdd1ij5,31266953-d228-3188-ae89-16e9979e56e7
1mpbmgriifwmigmf,ad181376-c8a5-36c8-a38a-37b42c0f15b0
1nwkeme9vbni2_g6,0398b681-0545-3259-8243-e01cf12a804e
1oamcp5qhzmgwizz,843c0d6f-4d38-34bc-832d-7b72735496f9
1ohwjhkwkgmsz6pr,a468c7be-4802-37f1-822b-d64278b7238f
1rglqsbfpowirvzw,a2bb0000-ec97-3fb1-9a4c-0ee0d90b8f4e
1rgwuq07tlp0tmv9,d324115a-0c2c-3c7a-8284-8501b9056cbc
1rhbd5nff4oz6vue,c314c605-dc89-3d5c-be09-8035979d605e
1t9xabjoyuepfrxp,7d42fc40-9720-355f-853d-73848355d5e3
1txhi4ioi6bva_ab,788b9b53-02a0-3849-b944-9d3dbbd77a5a
1ugon9f0die8716v,eef01851-4e1e-3688-a1b5-b4231d9fe966
1uoczse71sy_8wqd,2e93119c-3c5f-3abd-a4e8-f6b96689d332
1xiga0r8xs8jpi1u,53b882d8-4118-3174-a750-58c5e0b16c33
1xypum62dsrvfjrk,9dff5bf8-83a1-3578-8807-6488365454cc
21111,f1069eff-1d15-3258-87be-3817664913b1
21eonab23z1o0cl6,70a5ddfd-09a2-3828-adaa-8e1cd6a9e259
22z7av468ebue8bf,2756bb26-d67c-3fde-90f2-331cc0c9da88
23fps__,20fe998c-e740-3d77-ac0c-44a8d0127434
23qz4703alsgpvgg,4e55542b-dffd-306c-96ab-8b41b6ca7e8c
23zg_npw6rthxqdj,f85b5d23-8f0d-3bb3-997b-5c368f93edda
26iocnqn4kasdq5y,c6d58df2-b56e-3c0f-ab2b-7711a716b519
28dayslater,ebbd73af-1a92-3c32-bd15-fe665b2f6e40
29gaiwmomr1ctrqi,0a1acab9-9050-3e9b-b367-d6bb127684b6
2ahdeklhb6ke27ts,9f9d92cd-d7fa-3db9-9c6b-401d89fa4a2b
2cx0vesize0gueln,7c5f9506-93cb-37ce-ae1d-9c9ce3aa4548
2dkorcc_phn0dsmf,4eeac8da-cdc8-300f-8749-99d190c8b401
2emix8ugcflozgsr,248d2783-eb18-3ccb-8df5-112a9a0829a8
2felj5_rx4qaqxld,7f79ff68-4895-3fbc-a838-33080d651347
2helsmh45ect8bhc,235adc0b-2226-377f-a897-0adf6c3a2c61
2hv4miwu1ici15v8,4ea5e9e7-7974-37b1-9a80-304d4775405d
2im3vf8qsjtcrs7n,3621f0be-cd97-3e86-91d2-71d41359a7e2
2ksbmjz6h63ea5br,ac257059-49de-38ff-8624-44c8a2e26d54
2mv4k2ymgxcgzboe,806f60bd-1881-3a28-89b1-232d932f6882
2mx75kxgizrvhzje,adf2b89e-5324-399d-b06e-2c66a32ee8e5
2n6ssjk5vgqambcc,32b1c1e3-f1a0-3d37-9302-f7d6c17c223a
2noyvsm4cybaf4w3,b11fcc7f-8491-35c8-88bf-7ec0f7e429a3
2o8m6rlj0fzpgwye,5aa0180e-50f9-3d07-83c0-82561e500a45
2oqw6nyuvb_epr6s,6109635d-83c4-38e4-bd6c-7f551d055230
2q9tgk0x_zrjai0c,80acc1a0-c108-3a23-ad48-9dae612bca76
2qesjhzjop3aylme,5c34411c-e327-3a7f-ad81-4e84a8b53c9f
2sn25_kiaiuk2jq8,83b759ad-b7a8-3c78-9b1b-bc03c49cae58
2trlnpflckdmwdcr,38ee556f-fca0-33af-bdb9-40c1a5c16563
2txewhfeegm4fy2z,4d50d845-8ede-3361-a6aa-682e19eb78f7
2u6npq9pslisxcs_,fe5edbaf-bb19-3e5f-a8bb-0f3cbc617e5b
2xqnyfsokof5yeq5,4b83ce4f-ce13-362c-ab4a-ce3d5fb51254
2yrzjqywc3qlig4w,18592ba3-67dd-3a05-953e-6cc741852354
2zwusmyjyt01_akz,6a17b673-2746-32e9-ab6b-e444eeced73b
30by7agiffphnsxj,b781deec-519c-33b1-9e09-2cafe80826ad
30fcdrlvcbyflov_,14daa79a-3880-36b2-bc8b-704b0d6e8cf2
30mu1j1t3hyzkv7l,6e38e739-219b-3b57-b4c4-25fcae9fee4b
314bsor3pxev9yul,e99d354c-ec37-3b45-8bac-05ad8dab9083
31xz6rsn37sqpoad,7f3be985-6a97-3ff9-82fc-58a5d8f46512
32twizfsc_0u3tps,3bf6986c-972d-3bd6-abd6-a938188dff91
35e33iupgvfgm0ik,bd47c2c9-aa80-3e24-81cd-b68302605f0b
35orb9txhppeu3po,52d27083-0ef2-3931-93b3-a6bd1d8f8919
3_cerberus,57ddafb6-4d4d-3558-af82-7e73331adef8
3_rfb3eil7ty_ia4,2f773d8e-2ef5-32ba-af02-ebf5097c3ce8
3ajpvvrzwo88frux,3e615111-b870-379a-8c92-9653a443898f
3ctvit,e8c3a0a6-ad1e-3333-a08b-285e7c9f8b73
3d1m801h9acopklj,4f994437-a84a-3743-bd5d-ac992b396731
3e7bpnkemkr2v6cc,0768d364-313d-3103-a57e-3043a1b0e6a8
3g1hjcv8buij2ped,c308c671-710e-3f2a-bff2-b889c39c4323
3h7neqqur3ki3tiv,84134cd2-2320-34ee-b308-8f6e846f389c
3ia3lvvgcwy1uryi,bd3b61f5-9ee4-3d6c-b649-36f4d09cf4f6
3iaxolhowmfndrkr,633f8945-0fd0-314a-a28a-c96dac344f0a
3kz8f9otuo8auxon,8611ad8c-5b2a-3545-91e7-c54ec58b88cc
3mf_binbo123,90ba8465-2c3e-3b7a-9a29-300f7fc203e9
3mfbtvxmjemdgqvx,7fa73ae4-547f-3725-a857-2f61682759a5
3oucf8o5fchbjpky,efcb93c3-8881-3577-afea-ca906afcd7f2
3pvngeinwa8pdp6s,eea56f43-06b2-3bdf-a32d-450ad99c9857
3qy_hazbgsnlgo2y,8a3d01ad-1734-34e3-9553-13a8251366fb
3rl0n69iclsmd8oc,666f9b87-3529-34f1-ab8b-f26927f9db08
3sq_tau0y_bnvlbb,77969cca-b0f6-3bf6-9629-5264746d0824
3sxnenfu6qptrmtx,25f35dec-5337-371d-b1c6-141eab782259
3tlp9kbsycgn64pq,4161828b-62e9-32b9-90a1-b3cf5514dc65
3va2wk1nuwxzmn7h,03684981-239b-3407-adfa-9f4f8dcac3f1
3wg1_updii5g2utj,6307f4cc-7d6b-3321-89c2-84bd7415583e
3x33yi362rapwoas,f2d1b4d2-be68-3680-ab36-bc8169e664b9
420_innit,5bdcccbc-3f2e-3988-82c6-8dd4b9d01c9d
42ch,392db98b-9afc-31b8-bfd3-c27c98f96e03
42jvkdkgfez1960o,911e5a47-077d-377d-9cb7-b9d743cb8cd4
42sduej_lzy9badi,a8348dfc-4d9f-3113-a926-484fb75f0c0a
43tagvbkb45jukjr,dcbeec8b-5cb5-3812-89da-9afda1feee5b
45kg,9d13064f-28be-323d-b2bb-af30da179c59
47h5q_fe3r4nueii,2711c88f-77ff-333f-9d4f-1288dc8a62de
4b_ldqjnzezez7hp,c74cfd26-8c6c-3647-9d1c-4434be714187
4bcfpl7lsnmxrled,a5ba257e-0ad7-3559-b42e-9f66290056c8
4bkaij3eschn5yyv,93c9929e-7649-35d0-b18b-a789baaa1bb6
4cbjwqy4wyupal4l,f37f668d-0acc-345f-81c1-817c0bcb7046
4confikulkxukx2h,b29abcf3-4163-3ec4-8cef-4d2b866e1549
4dgpso_el515oray,2a6f5d92-fc96-36b9-870a-c1e8af1cbb31
4doff3moaebsdagp,c855acad-8718-3973-b137-946c26426205
4gdbyepof6vnixyw,8df4abbc-5417-3134-ab1e-55a0aa661342
4i8t_jap5fjg9pph,7d33fcc0-5235-3bd6-857d-4084d0e6a82d
4mc5tx3n2cb_vbb4,b17b4f7c-ae20-3ec9-9df2-a7a73c2bbe73
4ontvflugfgq9f5e,1d23bba1-406e-3a4a-9eb5-935de5bc70db
4oxhie4gjzarjuzh,3ea289c7-e661-315c-b61e-ce9720baa207
4r5xegw3y5peb_vs,0d93888d-46a2-3f1c-a84f-6fb9cec3d8a9
4ulkngfgwxb8zyun,363643d1-6360-3aac-8bf2-7e0691cc1804
4wbn8nz8_nupx74h,f974b275-dfd5-3c68-bec5-3314f3f59a45
4wsilinfleqd9bvt,0a9c5651-f8c7-3344-b29f-b20609cbc20e
4zqabnwwuolipyuo,45ad32d9-a67e-348b-8649-df93bca19e91
51nndzgvdlx6zi22,db9b4625-c66a-3559-9334-3d0f761c222a
563jwlxvwsof8kst,cab78a59-3dd4-37da-8cb0-712d4a30086a
57ff9yzdv6y3smsb,1203c7bc-b438-3c49-8fb3-c7c2418fc362
58itulzyqqwkowjb,bf57d049-5c1f-3e01-81f5-e6bb741bd142
59cfmu9fu6ogjsj5,9f4ff5a6-6843-3fce-912e-11a70eac1deb
5_ixtph6n48gfmzq,0024d147-887e-30aa-8092-7a7d6c168916
5akkaps1cli7dqje,a25ee044-1792-3719-9c49-e6c63f611682
5bjy9rrucmnqkuwf,495ae5af-f634-374d-b612-efc411358d97
5cy9ni9the7h7akm,aab6928c-1c43-3fcb-a312-aaa09b518432
5czbgodaf_bsfmug,597877b0-cd61-3a29-b337-376d0f07692e
5e4jlhjx60p_7tjv,f26b0317-73af-3f38-86da-4ff586773b9e
5g_d06rswmyifr1o,8d850e6d-b520-3408-85a6-8802a6c0f772
5islafujcvgdfgwm,05592690-e0cc-3e7a-afc0-6c4bb93a1305
5itaicwoft2cankk,b8a3ddc1-9542-3645-b71b-48ab3f782d55
5k78x7fszay5ugkg,817c3b57-9845-3626-a523-eba31732d782
5n98hwproxyaocbt,40ec6019-d144-3d77-b90c-8aaf9eced97f
5ovxyld53yszgsl_,9111b720-da2a-3c49-befd-cc98874ea143
5pejay7xx833owze,31586cdc-84bf-36d2-ae5f-61caeb2f9c18
5rnnao7ygcpmrcve,0df4f1d1-e3c5-34ca-bfe9-6f41b577aea2
5rzxiewnxeb_3ejw,a0b58a53-e80f-39af-9676-7567a34754ee
5srpv39o0umvzfzg,0583ee3a-9295-3cb0-91a0-df66b0392e22
5u97iopuiye9wqoq,577d6ec0-0a81-3fbe-b9cb-738b6366fc3b
5uf1pdtnlpg_caxp,d2ac2651-450f-3152-b60f-0bb3b70fd1cd
5uq1tkho3fsxl8ci,b8f4251b-8054-36d4-9c5f-f840527239b4
5voc1dvzqdlgoevr,136fb806-f17e-3aeb-ba2d-e8e3db2ba58a
5xfpkl6_wr4kx3hi,39125834-761a-309f-b559-7408860f8f73
5xqobdpxzlmzwcze,f2277689-e070-3ea4-901f-27c5cef70207
5y30c_71p2vmdzxs,5163ac41-a26c-3fb5-bd66-3c1b02bfb29c
5ymckjeez9pilrni,b1edb64d-b7de-3253-9788-0f894bb0e5c9
5zvdlwol4de2eaox,04f979c9-59b7-3660-a8e2-a14b0a45351e
60h1edtvt6urh47b,2a0ada3c-63f0-3cd2-a1db-b2dd8a9bfdc9
63pc2p67wz5k5jjj,ae28db76-e4f3-312d-b599-289e1abb562e
64ioemxdz1rxvrh1,d1caa5c1-c771-3e4a-8c95-b9fda7c34e8d
66tehrrruytfiwlc,3c757cf1-4599-349e-8857-dc928e0f7746
67016fhpmjl9ql5f,5b85a8f5-c1e3-3a20-958b-899c8a1cfa3e
68cufakrmobbgffg,373b0415-d3ca-3053-8d39-42be255b20b3
699mbi79pbdca1n0,92716ce6-49c4-3ca8-b698-d52fb3deaaf4
69carloxss_,b9a1d3f3-9636-38d3-b65f-395ee42a748d
69wtf69,0cb88749-e670-3834-9388-b19fd1fea259
6a0eieqo0ggu8wyj,118b1651-0945-3f4f-b867-91fd97bbd230
6czirjpgmuxkxfgm,41e888f8-b6ae-30ac-ba37-ef0eb506f246
6d7cnrshhvqwdbsx,a4a092d0-402b-3338-af1d-e3a95cc6d5c2
6effxtjpgys_sduw,10c02e14-bf26-3bff-b844-0750b30ab4d2
6efojdtxk1t60bbt,9aced505-a05d-3a80-99c0-b7f204c7d962
6en7z6mtwuaee7ld,34caed20-0428-3d3f-a2ce-4770408b769e
6f8wuyiwmvy7gi8x,9d5532ec-6fa6-3e43-b859-e1a804fd9129
6fhdw71yeeu4zq2s,cadaf0cd-37ce-3cba-b22c-eeafb450f890
6fjujur770f2snt_,e53a5b17-2a01-3020-a0e7-41c835f1a716
6i7wepz4wmer7ecm,7c5bfcb2-83d8-377f-b389-4428d4dbda36
6iiqa2fuicqysm6z,9c25c4d2-e53b-3fbd-9b32-a3d2bbf9e20e
6jfmvoeatcvfvvxd,aaf5df53-03d3-36f9-9d7c-bcd02781944a
6kgmesandmzdpx3q,bf5aaf9a-e0b7-3b91-a089-3969cd2ee273
6kurrlxtpbfafwbi,184159c8-9141-3d60-95ad-9c792618dccf
6ptua1ptyvhb0ul3,521b9d69-27de-3f90-9361-23aef13b5229
6rwdcnmv5v7mzmxa,d4149dc7-9516-3d47-8cab-4da6016219c3
6s7vjgc2hfrclp75,6bd42df7-bff3-3c76-be46-ddf9ee426a26
6vcdowvb0ktyjxqs,7895209a-6f29-3633-a4e5-7b637e045269
6xfrs4b7bg3tmk4h,f5f25d27-034d-38a4-aabe-f0e992f9cd62
6xivrhtunemchzfs,7a4b6a1f-c6a0-3198-9c96-7528b3bdd075
6ygkra4v0d3z_juj,cd2d8bc3-8780-36f8-a664-b9a5ec259faf
70ulk96qwhus0dpg,bfcd836d-6521-3170-a63f-fb86b2ae9812
711joxtddsui1zjy,40bb8d97-4a8f-3280-8c48-43aee253a21d
73opch7lmuytyklt,c4977235-1b58-33b9-a7b8-6688e46c6bd9
74zze7sr3vfel7jo,db49a86d-079e-3418-bfad-f20732495391
76v7ggnhy3byo24f,9698b118-3149-3489-af82-59b5de14ab6d
77chainblade,fd5bacce-b8f3-302c-b904-7180e11e9ca7
77m4f3oxhjskoxyp,4a0925fd-b83e-3bed-8d80-ca4d8211fa90
78m3l92kzvvgjp9b,478d7218-ad75-30f6-ad68-427d665c115d
7amkl4wlknxiyvta,f5bf861c-0512-35b7-a57a-f58fdccaa812
7d75v3mvyqtce3lh,b30b1f02-6e86-338e-8b56-51383d3d7e6d
7d7fmhxumcsrcvze,463993f6-9f5d-3a20-8e20-64728e3916fc
7ejvs_euh7qhmeqk,db793554-01b8-3513-8bba-c86d4d4a57e0
7fxyfrlff7_tqcpp,a2e28600-530a-37d0-bb58-8ad65d317e4e
7gjvvtnkvoixesyb,8f539370-ec5e-38b1-82d1-a97ddf1776f2
7gld85msqisesasa,9cd165a2-e852-35e7-a2b3-6b8199f8f128
7ibfqtajpg1cmfzv,9d8bba80-3896-31da-bddb-b992f4b79f3a
7knzsyuydad23oqk,7044ddbd-54c7-35f3-823e-5b472bd7a440
7mc7,11369dd0-c8ef-3c7b-910a-3232c6b55e8b
7npjmuymllefqlek,b27a64f0-f31b-3a7d-8020-c0ab31ae3aac
7ovnekgm03r6acwj,110a8673-7f6e-3921-a55f-ddb39a97eb41
7p2daafbbmsy_brv,79885f52-5ad0-3bba-965a-ccd519f94181
7pcigo4xz9ravkwc,d90ed94d-bfaf-39c6-93f6-58c4dead6c5a
7ptuovdvpvd4lv8s,4488d798-7b48-3a15-aac9-72f714c1e63a
7ruvpmjulv4k1ia5,c4b63533-3431-3d40-81fe-e41c9fd724e4
7rvdafhlh9bpv_16,824b9cb7-d25a-3e6a-b2e2-4cf43bb6ffe1
7wldzmbblcfoyu44,d58bae4f-75a8-3310-8348-fbb88bec6b54
7zdf2_gkcov4ttnh,28af8c81-59c0-3c2a-ac2b-5105074931a4
85k3osl2pbbk3q_r,82cda048-1231-3204-b372-5f364602e5af
87bxorf9f0polfxe,7cd8fed5-944b-3793-a8f0-d24c35a91405
88dr07lefzcfmt9f,ba57d212-e781-3c6d-b43e-9a4720784539
88jorf9qcl2hpe33,b14728bb-db33-3265-8b1e-28d815cac8b9
8_af44eeh8gupxl5,0e318b01-4e70-3dc9-9838-c77e01047659
8ajqzcmtuuahjdaw,fda88a20-36af-32e9-a378-1446f128b5e7
8cokq1b87r3j_kpc,f338540a-a647-3acc-a0f3-8cb19b0411c1
8dxiklr57iadztmw,40964f62-54ed-367a-b446-bd6f92ca9f89
8el4baddi7bhfn4s,6c6deacb-bce8-3b51-b6e6-74a84c58ae4e
8ftueee1ekh8ui7_,d43efa48-036f-3621-a2f8-892959313b81
8hafzkawuea7qq2v,ed06e452-91f2-349d-b549-d18ff7568d7c
8iwu0qykwd5r1mtr,eb385ec6-896d-3624-bb7d-ebe9828de8ed
8j3gsouttodf2jzs,f450010d-99c3-3210-8a78-d1f4ddd882ca
8jaefbsxybigminn,91ff66e8-3bab-3130-b148-8073a74cdf5f
8jk5rxdecqfn2vwv,b7115305-7048-34cf-b1f0-8e1bb22f63d0
8jkpm2gfsz2lvrpg,7502c514-2626-34bd-a569-46b72d5ac530
8juatnwfy1i8b84w,c3372cd5-31b9-3c9b-9d06-7f5b14ebb7af
8keo35gwbznnnpol,69d9acce-8450-3f02-baa7-fcfd587a4616
8ku4_kkkmcc6s75b,56564bb9-f678-3de4-a3d1-95fd687bcddd
8noam2nvbhxrwyak,aafc6ed4-3e25-349f-8655-e416e6b488b0
8noyxx3ikhulpmiq,6f09cfcf-e34c-39c8-8b16-54f2e644dd1b
8oxyb2xbt7ska9_n,62bb1b4a-5688-37b4-acf1-cd3300dde07c
8q0esosc9jhq22w4,861d4750-8319-3943-bc73-301db227a21a
8qswtjcoyphbud3t,b1a53b60-60ca-31b0-af53-f84c7931c549
8s4pobhpou4wb_mh,801a9220-1310-3961-a266-16a402ad5257
8sy0ugdahfl6rxwg,d78e76db-0746-382e-bd7a-cea8a9a56894
8vm58oc5r0wrmbon,ce003caa-f5cd-3d24-9a60-ae0d66030dd0
8waanv2j6sctwdtn,f053e137-4a1b-3249-b458-4e4f6a97bbe7
8wny4dbeqohpnz0o,53ceb2bd-2e2a-3720-9e69-e1df1d7fb0fc
8wvfo4ydnlh7jw0h,586ec756-33cf-31af-85e6-916a47afcdbb
8xvxfyxa8d2omv0p,beaef4bf-61a0-3ed2-8533-d820b09aba83
8y9q0h_hty6s4m2p,f53d4f5f-ac2b-3776-b2bd-8d94a98c243a
8yvn3l0iye0fshno,95c9eecd-b72d-39dd-8ab1-6c9dd377772a
8zepc6erzwottjc5,50c05ba6-6078-3e75-81e8-dcd6d415a74f
91pnxmmzlebsldpl,80ab10c6-1396-3cc3-ad4e-7156fdd0a501
9241iqucean69tv9,471f168f-563d-3981-93c5-bfecc0874c0b
970vlw0qpnqnukbr,dff38f67-3fd4-34ca-833c-cf36c354158a
985un8xgnvmdypgn,5a2ef5ea-1097-3418-b06d-ac154b7166a8
99milzman,19faf44d-9705-3350-80f8-eaea56bc992e
9axbhvk3rb2ep0ey,6442bd3d-9289-311d-9432-fd13747a19c4
9c15s3y7tioknr1p,0fff91c9-18ca-334b-9a9e-5d373280b9ec
9cmsjrdlpvwaej7u,e07bdd3a-ea67-3ade-92cd-48df57033521
9cnvuxhszj4ag6zd,0412d5da-51b4-36f0-94c6-0dcfe956bcf1
9hz_odst292kayu2,869b3a43-f1eb-31b3-b3a9-74727c754687
9invplpj8osuh09e,3a6ddd1e-64a6-32ca-9c6e-052c90d0c69f
9kmvfg2yaq4huj7h,e854e830-77bd-37bf-b824-168f39edaba9
9l20bfqumhrddcpu,46f7e07f-e0a5-3343-b552-b7ebe549d277
9osdxwrqgucmh9y0,1e394d62-69f4-3b29-a416-a39811bb30f8
9qc8sb2w3t2_wkb4,59a3f5e5-1eb8-3054-8cf6-9774771485a9
9qciu9vfi1_xaytr,68d4cc54-a31b-34de-b34e-c16e37c8c210
9qg1myfloeyd7yqg,d1d38000-f451-3066-a0ab-fdd0f3b6d1e3
9qlij0gecyw_6mcy,4532e07d-064b-3ce9-9bc7-21a20fea946e
9twavxl69e_fjgsr,3f32f6a0-d974-3e1c-88e0-fe7f65f91fef
9twsosw2poncam59,46a62ddf-dd08-348a-a3a0-6d067323d4ba
9uptaekza4sfzyp_,701e388e-3ce5-38fb-b39e-77761d4f1e73
9vddqlmnwqtp3cfu,b1374844-3765-3331-86bf-55231699b653
9vg40wzmwzviov8d,11f66ba4-82f5-3461-ba09-d79d32599e98
9w49fhrkvn2rr9q6,1f8a6d45-5220-3ee0-8e2f-c88547616ad0
9w4m1ivi07pyf2o3,68001f70-889f-3667-912a-8421a42ef700
9w6w5lw_sk_ali85,aeae6f26-1981-3a06-92c0-5f68249683b4
9wajumr_czrhhke9,25f78c8b-9d52-3245-b657-608b513f782c
9wqoblgeqn_h_xnv,f6a20a77-5d2c-3ba0-bbbd-9849567340c8
9ysrgwjg8jp0v1wc,53bd03f4-49bb-378d-9496-2667dd2459dd
9z6fsm9s0kdaydcz,76561fcd-8bb8-3a39-99a1-097eef3de752
_,49cdfde1-69b5-3f8c-abc6-4d441e451d56
_0fjqkc3yocrnegn,b63c3386-9bc5-3bcc-bac4-e23213eb1840
_28qv17igdjlyq6i,03a78b0d-66e1-391d-84f0-0293574d8704
_61xp99orjiagz3s,6bc588da-e31b-3710-97f7-5423fa174da5
_64s0gxlqqulvs_o,23f8bfd1-e773-3d9b-b301-b913d2a17bf4
_9xfwjk2yvsc8av9,aecb0b6e-a4d0-3a64-ab7d-99aabf6a092d
__36ksh__,7553398d-24dd-3e50-8be2-94c428213449
___,3aa10d45-6372-352e-b9af-2eba497ed912
______oof_______,61c0f733-d1ff-3ca4-9d50-0b3f6d5befc7
___sweaty,90602536-c001-3744-aada-890396d5d23f
__caskid__jta,29298680-1cb3-305c-b113-1f4715dad1f5
__ctu2ltq3gos4f_,a68e0c96-9aac-311e-a8a1-49f40e7ff4d6
__dathandsome__,ecc8f0be-0595-37b0-9a08-9a43fadc8de5
__hello__,1b5c1060-9064-3b43-ad60-c13b48ec6135
__k4lnnkddeza_uo,ef5aaee7-1154-3b64-87a5-e65eb951352d
__nekouwu__,1f60389e-d7aa-370c-95a8-e28cc3972a97
__quy__,eb2b79e3-45d4-3e3c-acd8-a4038906f0aa
__supernam__,f9666cba-d122-37cf-831e-6e4e35da9277
__yellow_,8618650c-147e-3e35-abb8-21fc16ccdfbc
_actkxvfyd2smk92,7bc4255a-4368-3a44-bd45-f460f4a843ce
_ailnr08lbnp0ijc,0aaf2d3d-e081-3efb-975c-f7795fda5eb0
_alanyooy,00000000-0000-0000-0009-01ff32e4c1c2
_alonestle_,58aea979-f2d5-340d-a681-93f2c5b8d0eb
_bakahentai_,ca9ff48e-3e0e-3c08-b6f0-a2acc05497c2
_bbv_,88ca79f6-0682-334f-b275-c68d40b8e5e1
_bielvaz_,65f6ec38-7e7c-3c2a-9529-d0a4554c7422
_bl4ze_,fc49d1cf-9b9c-3042-87d6-d828f4a35502
_bright_phoenix_,d2918661-5bf8-39b2-9ffb-57864b340d0d
_crazyy_gamer_vn,9005b44d-d0b7-3c66-97f0-fc44ba8996be
_dark_bmn,10c1ad01-e15a-3acd-802d-7712b4191aae
_fwcsfwqa068djgm,4d19856a-5c85-304a-b02e-6af6edca3d3a
_golde2007,00000000-0000-0000-0009-01f3457371dc
_gruublacktea_,0cdc1eb1-18fc-32dc-b2d8-ecdc48b69a0a
_h_2_o_,3b2fd02f-e6ef-303e-8f54-31d31bcfbe13
_hoanggg_,58f9fe04-f077-3775-9f92-e32dd0cd53fa
_hr4mqyvrkuauknw,c2f9a368-6f14-33ce-8271-e95ef9383280
_huy_vn,5b3f901f-0670-3cf7-a02a-0fa81b962484
_imagoodboy_,5f712c35-ce95-333c-9f17-072212155de3
_itz_itz88,65dc387d-450a-3650-a505-9084c96b0a96
_itzhyper11,c7344cb6-cfe2-3145-8fe4-1f6bdbfd1a8e
_itzhyper88,76bac68a-b4b9-38ab-8023-92234b2bb3de
_itznitro50,70e7044a-696e-3861-a85a-a0b9669a36d2
_itztoweryt,0a3ef294-f7d6-3e36-a313-fec374bc7e67
_itzwormsyt,95cf6dae-5270-3e5b-b62c-312848682e97
_jiper_,4600290d-1eed-314a-a55c-2cff53493554
_justbruna,00000000-0000-0000-0009-01f915469a32
_jxcjpdoayle6ooy,edd65011-306e-34e2-ad07-8dc40809ab0c
_killzallvn_,aa2a7b25-df13-3165-9140-171137f4c40b
_killzovn_,e945ab22-7e75-319e-a564-5bb656f2fed6
_kingoros_,3aa06d94-e230-33ff-872e-60885d34ca32
_krt_asn_vn_,14df631a-6a9e-35fe-a156-e45288052272
_lattekungzch_,3807c38b-cd1c-3580-9db2-f50cb4cb8922
_lg_,e57ded95-78a7-3142-ba1e-9eb25612a8ce
_lltxkrvg49ik3za,6d4da89e-1a1b-38ca-ac12-614f313f8370
_long,bda6a1ad-9c32-3f86-8f42-39abd68dcfea
_mobzillaorsp,00000000-0000-0000-0009-01f53463bd43
_mqxuh49jbr9hxuc,ee6c95a5-c1d8-3d68-a45e-1c34f85697ac
_nmcr4zba4kuuuik,57a94381-ea4b-3577-9cfb-b40e58a9c7ef
_noobgown_,02a22ce1-f198-333d-a941-ad5485f5e6dc
_notnico_,5be2dba0-3ba8-3091-a236-6d5d9c9fff2e
_o09thjrnahmtyf6,70236662-5f82-3a2e-88cc-c3d0cc3dc83b
_offe4q3tuu47ciu,60fe1fce-8363-3072-a0e0-a1ba030fff16
_okenno1,22fe3f0d-4b72-3283-9cf7-f19472c39388
_owo_hoangg_,8afa9c54-616f-3616-ba14-bf227d60d898
_owo_postar_,67cb2ec0-2779-39e4-95f2-f9b891d100f3
_p_hf6e3a7_r0il7,2edce95a-0817-35ff-b29a-15cad87569d8
_palsyy830by8kkn,5623f99a-147e-34f8-a0ff-d2527fc30d74
_pycxq5l47kfhsjo,7020e4a3-ef22-3f81-821e-60304c77493d
_sos_eusan,d8325a42-4c89-3df9-90a4-1b06dad53918
_srcookie5042,00000000-0000-0000-0009-01fbdd882071
_st_dhd,27500642-39ab-3a9f-86e7-a0ff59128138
_theravyk0_,bf4faa94-c72e-35a4-970a-f5d9a5f390a8
_theravyk_,ebafe8f0-de7b-3c95-8cb4-6c1eedc7e7cd
_thunderkun_,283d802e-06f8-3f70-8772-03d1d54373b5
_trollgamingvn_,a695ee38-be88-3340-b0e5-bb78c8b0a420
_txzdglj0e9j0z4f,a1f3d03e-f3fe-32fe-afde-605f61018983
_umf1urkzajabs2a,fc319327-54cf-375a-a3f4-cb0f2a9c71de
_urs4otheorso,00000000-0000-0000-0009-01ff84b4485b
_vepo0vahbnevqnw,7f65bc2a-05f4-38e3-b48c-f290f21650ba
_vizy,8ddc11a7-c409-337b-af44-2a51d28a45c7
_vsjhgbwmm_ccr7k,7a312d08-09b8-3e12-8194-75bdb6180b78
_vzajzm6xjlmbso0,7dafbeea-7e7a-3047-a774-e61daef72d6e
_w5dcw0skbfnlzm2,da86a260-aeaa-377c-a7ea-b5a567ddec37
_warpcold_,2e1cc013-226b-3ecb-8454-735815e7f731
_xxdarksidexx_,7ce422c6-0876-3836-bdab-c3f42f950fcf
_yan00007579,00000000-0000-0000-0009-01f7946f99a3
_zcsyb0ifbdynzsw,019accd8-b093-35fa-8ae2-07bb4f4170fd
_zedsutom_,53e2f1e0-0570-328d-ac18-60c99168bb41
a0bizqeywvhzznrl,dc33b6dc-cfc2-3091-8c4f-95e3b9b59132
a0fuqx_varmogsmq,3ef69cb9-9ca6-3760-81fb-780c26467d25
a0sniuuwjxo2ts7i,d609e6cd-95d3-3d82-8190-f20a5be9171a
a1as5x7naial4mbo,436ac79f-6da9-3864-9d00-1d9d652f5574
a1cypusmayp1ywt7,3ff90d10-fd1e-39d4-9611-3995e448a5c8
a1eo,66878933-e35a-3527-977d-805aa024c92f
a1z8zknc6xc1f55b,1a7da534-eb76-3670-98b7-943d8ded5a8e
a6n9zbpj5n3brcmo,7c47ebbc-5cd4-3040-a596-7c797e663cda
a6rx__ifb42wlsas,6eee0d4d-f427-3a8b-8741-b60fc8228f52
a6zxaevsbhdyvcol,ab2f83ef-1a97-39e7-98f7-a9ebbdb9e091
a7orobtfmqxbbhyl,2d71e70d-abec-379a-91f3-50b00ede079c
a8hmclubikkp2izn,f3ab3480-3798-3343-9b22-9e5facb4c76a
a_wvsls0mp0oxhgw,81d8ed07-25ea-30b0-96dd-08057e4d75af
a_xbjns3passxsqa,fbc4ca30-8fb0-3c41-aad6-398078f0bd6f
aabvv5vkfff_vrfv,236078a1-c189-3e83-9c17-8042d413c7ca
aagm1vutbwy2jbq6,6548fbfc-93eb-3ef6-a05c-db116e0272b4
aaprl9ijmnejzdl_,785069e8-a6e3-3123-a610-6bd662372571
aaravnotfoundop,a2528fd8-e6a3-37cd-8a14-97dfea834f3d
abel88,1f31a78f-a9e2-3099-962a-3c4a75076940
aboniertbigsky,1cb41b7e-1b88-3792-a603-c11bb0ce1272
abozdag,31a54143-56aa-3f61-b7ec-b1a3e88db264
abskamath1,379a8877-7dff-3f62-9976-deec50d0319e
abybek198,91473603-de61-35b8-8816-d38335a19665
acc_nhuloz,a77bb5e5-3cc2-32e1-8492-241318b7e0cb
accelerator,22aefd64-c6b5-33c5-a08a-22802c0f7ed1
ace_doraemon,a04c5472-eea9-34f0-9f39-dafd68390445
ace_steve2k7s,09990467-b726-3474-a393-fc17cb841e24
acebean,2acfa7bb-c3dd-356b-970e-5d90b39763b4
actorcraftlp,3ecc6953-a8a6-3648-a7f9-861f3e3d26c1
actorelderyt,ce54a62b-8523-3c43-b39d-e72bee11e981
actornitrolp,10b554ff-2aa1-3a5f-87c7-608eca7eb88a
actorslime50,f878e3b5-5a03-384d-822a-5b6b8892678f
actorsuper99,717c16d6-6f47-3f53-9d35-e58f91828345
actorsuperyt,36a2187c-4f26-3ef6-89d8-ed80daf34316
adest,ff9ba761-d451-3d76-b35e-fd715cc5fa77
adfgga1,331e0568-adf4-35bb-8412-632e1607be85
adinalul,5fc8929f-0542-3125-a4d4-ee64e325f88c
admadfarhan2010,bf259622-cfd7-3b0b-b564-d953ba7a38ee
admin01062011,a87b822f-f94f-3a24-81c2-d86c0041b93e
adolia,bc8c7ae4-d7a3-3211-a980-50d3d30c672b
adrffaf,78b34c68-5a31-3288-ada3-ba7ce6148d80
adyavibuo3bfqgb0,5bd180f2-47bc-388f-ab38-db36a3927050
affq6pzkj702vtp9,199caf01-dc6e-3348-aff1-4211da70cfd6
afknam,645ee129-dd3b-37a0-8520-b26f6429f79e
afkpc321,dfdad55a-6e43-3ea8-ac33-183a6881531b
afr5rtpvaort2vxj,0191c30d-9bfc-376b-9f5b-790ab11ea13e
africa,be3d1b54-0cdb-322c-87e8-48f92c1603c7
afur3_mqcgs9mbb9,f2938c5c-cb49-3064-aa96-c20d70e63d06
ahaae,9a6ff9f4-d4e1-33c8-b8d5-aaba9d3f9bf3
ahdwhylk1,4fa566ee-03d5-3af4-99de-6c02d47f75bb
ahhshitt_,22006b9a-9581-3bf5-9e2b-db16037f4023
ahoin74,aecebfb6-f013-36aa-afd6-68e7b80ce190
ahqqljwvoaygcpmz,c4ebd00b-379c-300b-9133-a0c2757a7c6f
ahuu6k5zjf2bgxyp,45be7aba-c996-32fc-b0fb-63d803a0bfd6
ai8lwangchix18j6,ac352013-210e-37c9-a1d0-272d0a94da87
aiqfbkcbsgpjadt1,618b5a44-2fbf-3621-8b3c-9c838857b1a7
aiqmo1nunhup3k27,17e879bc-5de1-3eac-99fd-31ebb638554f
airos,65b07c77-6d0a-374b-8679-d61ab2930336
aivvbwb2oglpu3hi,6f0845f5-d9da-35bb-9e8b-f429c45601bb
aj9314,7d71e565-dbb4-305f-a2c7-1d65f76a499d
aja6omuubhnxqova,0fe04fd4-0b70-37ce-89b3-3841289527f4
ajkmakaqvxcdcxqf,58bfc903-570e-3174-b413-93b49e73e996
ajnxxf3t_c2mpvus,9603b123-bd08-38a8-b99b-7b6ea6c1ce7e
ajvjlysrin0g3bpy,d17824d6-461f-3ef2-8b85-9e3c27b82e92
ak5_k38cprahmnms,45650ed3-c2e7-3ba9-b104-465b350112fa
bensimon,ab0ca7b1-f505-35e4-ba0e-78be53627aa5
justbruna,101e43cd-b688-3e9f-9aba-cff440ab463c
myroc,c6287189-bf54-382d-82b4-ab581a8bbcc2
rique4747,e5a85f84-3006-3e9d-afa5-6d739ebfa165
srcookieswitch20,441fc339-c3b5-32e1-ac57-9674a305c6ed
